average,strike_rate
11.33478261,194.31943064
8.61114035,86.18594215
17.44020833,117.25193842
3.46526316,35.96322701
25.774375,141.29847065
