economy,strike_rate
138.43060389,20.25819341
101.240227997,20.05852917
150.64031056,41.34755355
115.57820707,21.43779654
144.7822094,82.5
