strike_rate,average
1.98111111,4.79797986
16.76653061,138.242787
10.96402597,100.03665229
11.356875,117.58100788
15.96225806,168.21383046
35.66674419,138.84028224
25.12773333,121.487392
7.8225,222.32181877
3.92586207,45.63520027
7.80983871,76.59162783
