strike_rate,economy
8.32167954,1754.65343793
8.97559158,5408.88888041
8.68693256,8250
8.68356438,4025.55557251
7.94883663,2438.51530613
7.06125161,712.38094398
7.88376007,3284.63003495
8.51144028,1299.23648481
7.60079792,2087.98676115
8.12271766,2806.8938182
